{"c": {"dm": 0.14285714285714285, "am": 0.14285714285714285, "am7": 0.14285714285714285, "f": 0.14285714285714285, "c7": 0.14285714285714285, "gsus7": 0.2857142857142857}, "dm": {"g7": 1.0}, "g7": {"c": 0.6666666666666666, "adim": 0.16666666666666666, "c7": 0.16666666666666666}, "am": {"d7": 1.0}, "d7": {"g": 1.0}, "g": {"c": 0.5, "gdim": 0.5}, "am7": {"d7": 1.0}, "gdim": {"dmin": 1.0}, "dmin": {"fdim": 1.0}, "fdim": {"c": 1.0}, "f": {"dm": 0.5, "g7": 0.5}, "c7": {"fmaj7": 0.5, "f": 0.5}, "fmaj7": {"f#dim": 1.0}, "f#dim": {"abdim": 1.0}, "abdim": {"g7": 1.0}, "gsus7": {"g7": 1.0}, "adim": {"c": 1.0}}
