{"c": {"f": 0.25, "fmaj7": 0.08333333333333333, "c7": 0.08333333333333333, "gsus4": 0.08333333333333333, "c": 0.08333333333333333, "am": 0.08333333333333333, "g7": 0.041666666666666664, "cm": 0.041666666666666664, "em": 0.041666666666666664, "g7sus2": 0.041666666666666664, "dm": 0.041666666666666664, "am7": 0.041666666666666664, "gsus7": 0.08333333333333333}, "f": {"f#dim7": 0.4, "c": 0.2, "g": 0.2, "dm": 0.1, "g7": 0.1}, "f#dim7": {"g": 0.4, "gsus4": 0.2, "gsus24": 0.2, "csus4": 0.2}, "g": {"d7": 0.2727272727272727, "csus2": 0.09090909090909091, "c": 0.2727272727272727, "f": 0.18181818181818182, "gsus2": 0.09090909090909091, "gdim": 0.09090909090909091}, "d7": {"gsus7": 0.125, "g7sus4": 0.375, "f7": 0.125, "g": 0.375}, "gsus7": {"g7": 1.0}, "g7": {"c": 0.5555555555555556, "c7": 0.1111111111111111, "cmaj7": 0.1111111111111111, "edim7": 0.05555555555555555, "em": 0.05555555555555555, "f": 0.05555555555555555, "adim": 0.05555555555555555}, "gsus4": {"g": 0.3333333333333333, "g7": 0.3333333333333333, "f7": 0.3333333333333333}, "csus2": {"c": 1.0}, "fmaj7": {"bdim": 0.16666666666666666, "f7": 0.16666666666666666, "bm7": 0.16666666666666666, "g7": 0.16666666666666666, "g": 0.16666666666666666, "f#dim": 0.16666666666666666}, "bdim": {"bm": 1.0}, "bm": {"e7": 1.0}, "e7": {"am": 1.0}, "am": {"fmaj7": 0.3333333333333333, "d7": 0.6666666666666666}, "f7": {"esus4": 0.25, "g#m": 0.25, "e": 0.25, "c": 0.25}, "esus4": {"e": 1.0}, "e": {"a7": 0.3333333333333333, "g7": 0.3333333333333333, "dm7": 0.3333333333333333}, "a7": {"d7sus2": 1.0}, "d7sus2": {"d7": 1.0}, "g7sus4": {"g7": 1.0}, "c7": {"chdim7": 0.25, "f#dim7": 0.25, "fmaj7": 0.25, "f": 0.25}, "chdim7": {"f7": 1.0}, "g#m": {"a#7": 1.0}, "a#7": {"a": 1.0}, "a": {"d7": 1.0}, "cmaj7": {"fmaj7sus4": 0.5, "fmaj7": 0.5}, "fmaj7sus4": {"bm7": 1.0}, "bm7": {"em7": 0.5, "b7": 0.5}, "em7": {"am7": 1.0}, "am7": {"dm7": 0.5, "d7": 0.5}, "dm7": {"g7": 1.0}, "b7": {"e": 1.0}, "gsus24": {"g": 1.0}, "csus4": {"c": 1.0}, "edim7": {"gmaj7": 1.0}, "gmaj7": {"g7sus2": 1.0}, "g7sus2": {"g7": 0.5, "c": 0.5}, "em": {"g7": 0.5, "fmaj7": 0.5}, "cm": {"g": 1.0}, "gsus2": {"c": 1.0}, "dm": {"g7": 1.0}, "gdim": {"dmin": 1.0}, "dmin": {"fdim": 1.0}, "fdim": {"c": 1.0}, "f#dim": {"abdim": 1.0}, "abdim": {"g7": 1.0}, "adim": {"c": 1.0}}
