{"cm": {"fm": 0.17647058823529413, "ab": 0.4117647058823529, "cm": 0.11764705882352941, "gm": 0.23529411764705882, "f": 0.058823529411764705}, "fm": {"g": 0.2, "c": 0.2, "g7": 0.4, "d7": 0.2}, "g": {"g7": 0.2222222222222222, "d7": 0.1111111111111111, "cm": 0.3333333333333333, "gsus24": 0.2222222222222222, "c": 0.1111111111111111}, "g7": {"cm": 0.875, "c7": 0.125}, "ab": {"db": 0.2727272727272727, "g7": 0.09090909090909091, "abdim": 0.09090909090909091, "abhdim7": 0.09090909090909091, "fm": 0.09090909090909091, "gm": 0.09090909090909091, "g": 0.09090909090909091, "bb7sus4": 0.09090909090909091, "eb": 0.09090909090909091}, "db": {"cm": 0.3333333333333333, "gaug": 0.6666666666666666}, "c7": {"fm": 1.0}, "c": {"d7": 0.5, "eb": 0.5}, "d7": {"g": 1.0}, "abdim": {"gm": 1.0}, "gm": {"am7": 0.2857142857142857, "cm": 0.14285714285714285, "f": 0.14285714285714285, "ab": 0.42857142857142855}, "am7": {"abhdim7": 1.0}, "abhdim7": {"g": 0.6666666666666666, "gm": 0.3333333333333333}, "gsus24": {"g": 1.0}, "gaug": {"g7": 1.0}, "f": {"cm": 1.0}, "eb": {"gm7": 0.3333333333333333, "g7": 0.3333333333333333, "fm7": 0.3333333333333333}, "gm7": {"ab": 0.5, "cm": 0.5}, "bb7sus4": {"eb": 1.0}, "fm7": {"gm7": 1.0}}
